{
    "2024-3": {
      "episodeName": "IKEA",
      "bookUrls": [
      "https://www.amazon.com/dp/B00E8C5WAY",
      "https://www.amazon.com/dp/074948621X",
      "https://www.amazon.com/dp/0071777652",
      "https://www.amazon.com/dp/1783341726",
      "https://www.amazon.com/IKEA-Edge-Building-Global-Growth/dp/0071777652"
      ]
    },
    "2024-2": {
      "episodeName": "Meta",
      "bookUrls": [
      "https://www.amazon.com/Facebook-Inside-Story-Steven-Levy/dp/0735213151"
      ]
    },
    "14-6": {
      "episodeName": "Microsoft Volume II",
    "bookUrls": [
      "https://www.amazon.com/Hardcore-Software-Inside-Rise-Revolution-ebook/dp/B0CYBS9PFY",
      "https://www.amazon.com/Microsoft-Story-Rebooted-Upgraded-Storybook/dp/1400223903",
      "https://www.amazon.com/Breaking-Windows-Fumbled-Future-Microsoft/dp/1416573259",
      "https://www.amazon.com/Hit-Refresh-Rediscover-Microsofts-Everyone-ebook/dp/B01HOT5SQA",
      "https://www.amazon.com/Microsoft-2-0-Plans-Relevant-Post-Gates/dp/0470191384",
      "https://www.amazon.com/World-War-3-0-Microsoft-Enemies/dp/0375503668"
      ]
     },
    "14-5": {
      "episodeName": "Microsoft Volume I",
    "bookUrls": [
      "https://www.amazon.com/Road-Ahead-Bill-Gates/dp/0670859133",
      "https://www.amazon.com/Idea-Man-Memoir-Cofounder-Microsoft/dp/1591845378",
      "https://www.amazon.com/Hard-Drive-Making-Microsoft-Empire/dp/0887306292",
      "https://www.amazon.com/Overdrive-Bill-Gates-Control-Cyberspace/dp/0471180416",
      "https://www.amazon.com/Gates-Microsofts-Reinvented-Industry-Himself/dp/0671880748",
      "https://www.amazon.com/Undocumented-Windows-Programmers-Microsoft-Programming/dp/0201608340"
      ]
     },
    "14-3": {
      "episodeName": "Renaissance Technologies",
    "bookUrls": [
      "https://www.amazon.com/Man-Who-Solved-Market-Revolution/dp/073521798X",
      "https://www.amazon.com/Quants-Whizzes-Conquered-Street-Destroyed/dp/0307453383"
      ]
     },
    "14-2": {
      "episodeName": "Hermès",
    "bookUrls": [
      "https://www.amazon.com/Little-Book-Herm%C3%A8s-Iconic-Fashion/dp/180279011X",
      "https://www.amazon.com/Score-Takes-Care-Itself-Philosophy/dp/1591843472"
      ]
     },
    "14-1": {
      "episodeName": "Novo Nordisk (Ozempic)",
    "bookUrls": [
      "https://www.amazon.com/Breakthrough-Elizabeth-Discovery-Insulin-Medical/dp/0312611749",
      "https://www.amazon.com/Wool-Hugh-Howey/dp/1476733953"
      ]
     },
    "13-5": {
      "episodeName": "Holiday Special 2023",
    "bookUrls": [
      "https://www.amazon.com/Psychology-Money-hardback-Timeless-happiness/dp/0857199099",
      "https://www.amazon.com/Artists-Way-25th-Anniversary/dp/0143129252",
      "https://www.amazon.com/Transitions-Making-Sense-Lifes-Changes-ebook/dp/B07QGRGDKJ",
      "https://www.amazon.com/Thinking-Fast-Slow-Daniel-Kahneman/dp/0374533555",
      "https://www.amazon.com/gp/product/B00R4HKIV8"
      ]
     },
    "13-4": {
      "episodeName": "Visa",
    "bookUrls": [
      "https://www.amazon.com/dp/1849961387",
      "https://www.amazon.com/VISA-Power-Idea-Paul-Chutkow/dp/0159004799",
      "https://www.amazon.com/One-Many-VISA-Chaordic-Organization/dp/1576753328",
      "https://www.amazon.com/Piece-Action-Middle-Class-Joined-ebook/dp/B00AYIDT74",
      "https://www.amazon.com/Mistborn-Final-Empire-Brandon-Sanderson/dp/0765377136"
      ]
     },
    "13-2": {
      "episodeName": "Costco",
    "bookUrls": [
      "https://www.amazon.com/Price-Retail-Revolutionary-Social-Innovator/dp/0988680602"
      ]
     },
    "13-1": {
      "episodeName": "Nike",
    "bookUrls": [
      "https://www.amazon.com/Shoe-Dog-Memoir-Creator-Nike/dp/1501135910",
      "https://www.amazon.com/Swoosh-Unauthorized-Story-Played-There/dp/0151874301",
      "https://www.amazon.com/Just-Do-Spirit-Corporate-World/dp/1558504796",
      "https://www.amazon.com/Emotion-Design-Creative-Leadership-Lessons/dp/1538705591",
      "https://www.amazon.com/Nike-Better-Temporary-Sam-Grawe/dp/1838660518",
      "https://www.amazon.com/Out-Nowhere-Marketed-Culture-Running/dp/184126234X",
      "https://www.amazon.com/Win-All-Costs-Running-Deception/dp/0062917773",
      "https://www.amazon.com/Nike-Effect-Education-Organized-Competition/dp/1612198430",
      "https://www.amazon.com/Nike-Culture-Swoosh-Cultural-Icons/dp/0761961496",
      "https://www.amazon.com/Bowerman-Men-Oregon-Legendary-Cofounder/dp/1594867313",
      "https://www.amazon.com/7-Powers-Foundations-Business-Strategy/dp/0998116319"
      ]
     },
    "12-6": {
      "episodeName": "Porsche",
    "bookUrls": [
      "https://www.amazon.com/Porsche-Excellence-Was-Expected-2019/dp/0837617693"
      ]
     },
    "12-5": {
      "episodeName": "Lockheed Martin",
    "bookUrls": [
      "https://www.amazon.com/Beyond-Horizon-Story-Lockheed-Thomas/dp/0312192371",
      "https://www.amazon.com/Skunk-Works-Personal-Memoir-Lockheed/dp/0316743003",
      "https://www.amazon.com/Prophets-War-Lockheed-Military-Industrial-Complex/dp/1568586973"
      ]
     },
    "12-3": {
      "episodeName": "Nintendo's Origins",
    "bookUrls": [
      "https://www.amazon.com/Game-Over-Nintendo-Conquered-World-ebook/dp/B0060AY98I",
      "https://www.amazon.com/Console-Wars-Nintendo-Defined-Generation-ebook/dp/B00FJ379XE",
      "https://www.amazon.com/Power-Up-Japanese-Video-Games-World/dp/0486801497",
      "https://www.amazon.com/Ask-Iwata-Wisdom-Nintendos-Legendary/dp/197472154X",
      "https://www.amazon.com/Range-Generalists-Triumph-Specialized-World-ebook/dp/B07H1ZYWTM",
      "https://www.amazon.com/Ultimate-History-Video-Games-Pokemon/dp/0761536434",
      "https://www.amazon.com/Ultimate-History-Video-Games-Billion-Dollar/dp/1984825437"
      ]
     },
    "12-2": {
      "episodeName": "LVMH",
    "bookUrls": [
      "https://www.amazon.com/Taste-Luxury-Bernard-Arnault-Moet-Hennessy/dp/0747512027",
      "https://www.amazon.com/Deluxe-Dana-Thomas-audiobook/dp/B07S9G2GWJ",
      "https://www.amazon.com/Luxury-Strategy-Break-Marketing-Brands-ebook/dp/B008YUEDFG"
      ]
     },
    "12-1": {
      "episodeName": "The NFL",
    "bookUrls": [
      "https://www.amazon.com/Americas-Game-Football-Captured-Nation/dp/0375725067",
      "https://www.amazon.com/League-Rivals-Created-Launched-Sports/dp/1541618645",
      "https://www.amazon.com/Pigskin-Early-Years-Pro-Football-ebook/dp/B00VQVPQPQ"
      ]
     },
    "11-7": {
      "episodeName": "Enron",
    "bookUrls": [
      "https://www.amazon.com/Conspiracy-Fools-Story-Kurt-Eichenwald/dp/0767911792"
      ]
     },
    "11-6": {
      "episodeName": "Qualcomm",
    "bookUrls": [
      "https://www.amazon.com/Qualcomm-Equation-Fledgling-Telecom-Company/dp/0814408184",
      "https://www.amazon.com/Principles-Communication-Engineering-Jacobs-Wozencraft/dp/B075GX66QM"
      ]
     },
    "11-4": {
      "episodeName": "Benchmark Capital",
    "bookUrls": [
      "https://www.amazon.com/eBoys-Inside-Account-Venture-Capitalists-ebook/dp/B000FC1HTG",
      "https://www.amazon.com/Done-Deals-Venture-Capitalists-Stories/dp/0875849385",
      "https://www.amazon.com/Earthsea-Cycle-Set-Books-1/dp/B07PBZX7HT"
      ]
     },
    "11-3": {
      "episodeName": "Amazon Web Services",
    "bookUrls": [
      "https://www.amazon.com/Amazon-Unbound-Invention-Global-Empire-ebook/dp/B08TB1TP7H"
      ]
     },
    "11-2": {
      "episodeName": "Amazon.com",
    "bookUrls": [
      "https://www.amazon.com/Everything-Store-Jeff-Bezos-Amazon-ebook/dp/B00BWQW73E",
      "https://www.amazon.com/Left-Hand-Darkness-Science-Fiction-ebook/dp/B00YBA7PGW"
      ]
     },
    "11-1": {
      "episodeName": "Walmart",
    "bookUrls": [
      "https://www.amazon.com/Sam-Walton-Made-America/dp/0553562835",
      "https://www.amazon.com/Wal-Mart-Effect-Powerful-Works-Transforming/dp/0143038788",
      "https://www.amazon.com/Sam-We-Trust-Wal-Mart-Powerful/dp/0812932978",
      "https://www.amazon.com/Godfather-Mario-Puzo-dp-0451205766/dp/0451205766"
      ]
     },
    "10-8": {
      "episodeName": "Arena Show Part II: Brooks Running (with CEO Jim Weber)",
    "bookUrls": [
      "https://www.amazon.com/Running-Purpose-Outpaced-Goliath-Competitors-ebook/dp/B09LV21K49"
      ]
     },
    "10-6": {
      "episodeName": "Nvidia Part II: The Machine Learning Company (2006-2022)",
    "bookUrls": [
      "https://www.amazon.com/Memorys-Legion-Complete-Expanse-Collection-ebook/dp/B096RSDCVK"
      ]
     },
    "10-3": {
      "episodeName": "SONY",
    "bookUrls": [
      "https://www.amazon.com/Sony-Private-Life-John-Nathan/dp/0618126945",
      "https://www.amazon.com/Becoming-Steve-Jobs-Evolution-Visionary/dp/0385347421"
      ]
     },
    "10-1": {
      "episodeName": "Taylor Swift (Acquired’s Version)",
    "bookUrls": [
      "https://www.amazon.com/Taylor-Swift-Loves-Global-Sensation/dp/1912587556",
      "https://www.amazon.com/Need-Know-About-Music-Business/dp/1501122185"
      ]
     },
    "9-8": {
      "episodeName": "CAA (with Michael Ovitz)",
    "bookUrls": [
      "https://www.amazon.com/dp/B07B2HS77M"
      ]
     },
    "9-6": {
      "episodeName": "Not Boring (with Packy McCormick)",
    "bookUrls": [
      "https://www.amazon.com/Rabbits-Novel-Terry-Miles-ebook/dp/B08HY29VM2"
      ]
     },
    "9-4": {
      "episodeName": "Standard Oil Part I",
    "bookUrls": [
      "https://www.amazon.com/gp/product/1400077303"
      ]
     },
    "9-3": {
      "episodeName": "TSMC",
    "bookUrls": [
      "https://www.amazon.com/Fabless-Transformation-Semiconductor-Daniel-Nenni-ebook-dp-B00JT1NZF8/dp/B00JT1NZF8",
      "https://www.amazon.com/dp/B07B2HS77M"
      ]
     },
    "9-2": {
      "episodeName": "Andreessen Horowitz Part II",
    "bookUrls": [
      "https://www.amazon.com/dp/B01HZFB3X0",
      "https://www.amazon.com/Childhoods-End-Arthur-C-Clarke/dp/110196703X"
      ]
     },
    "9-1": {
      "episodeName": "Andreessen Horowitz Part I",
    "bookUrls": [
      "https://www.amazon.com/Hard-Thing-About-Things-Building/dp/0062273205",
      "https://www.amazon.com/Elephant-Brain-Hidden-Motives-Everyday/dp/0190495995"
      ]
     },
    "8-8": {
      "episodeName": "Ethereum (with Packy McCormick)",
    "bookUrls": [
      "https://www.amazon.com/Infinite-Machine-Crypto-hackers-Building-Internet/dp/0062886142",
      "https://www.amazon.com/stores/Arthur-C.-Clarke/author/B000APF21M",
      "https://www.amazon.com/Diamond-Age-Illustrated-Primer-Spectra/dp/0553380966"
      ]
     },
    "8-7": {
      "episodeName": "Berkshire Hathaway Part III",
    "bookUrls": [
      "https://www.amazon.com/Complete-Financial-History-Berkshire-Hathaway/dp/0857199129",
      "https://www.amazon.com/Common-Stocks-Uncommon-Profits-Writings/dp/0471445509"
      ]
     },
    "8-6": {
      "episodeName": "Berkshire Hathaway Part II",
    "bookUrls": [
      "https://www.amazon.com/gp/product/0471446912",
      "https://www.amazon.com/Liars-Poker-Norton-Paperback-Michael-ebook/dp/B003E20ZRY"
      ]
     },
    "8-5": {
      "episodeName": "Berkshire Hathaway Part I",
    "bookUrls": [
      "https://www.amazon.com/Buffett-American-Capitalist-Roger-Lowenstein/dp/0812979273",
      "https://www.amazon.com/Poor-Charlies-Almanack-Charles-Expanded/dp/1578645018",
      "https://www.amazon.com/Snowball-Warren-Buffett-Business-Life/dp/0553805096"
      ]
     },
    "8-4": {
      "episodeName": "Rec Room Part II",
    "bookUrls": [
      "https://www.amazon.com/Invent-Wander-Collected-Writings-Introduction-ebook/dp/B08BCCT6MW"
      ]
     },
    "8-3": {
      "episodeName": "Meituan",
    "bookUrls": [
      "https://www.amazon.com/Extraterrestrial-First-Intelligent-Beyond-Earth-ebook/dp/B081TTY4NX"
      ]
     },
    "8-2": {
      "episodeName": "The New York Times Company",
    "bookUrls": [
      "https://www.amazon.com/gp/product/0316836311",
      "https://www.amazon.com/dp/B0058Z4NOQ",
      "https://www.amazon.com/Titan-Life-John-Rockefeller-Sr-ebook/dp/B000XUDGHG"
      ]
     },
    "7-8": {
      "episodeName": "AirBnb",
    "bookUrls": [
      "https://www.amazon.com/Upstarts-Airbnb-Battle-Silicon-Valley/dp/0316388416"
      ]
     },
    "7-3": {
      "episodeName": "Epic Games",
    "bookUrls": [
      "https://www.amazon.com/Complete-Asimovs-Foundation-Foundations-Prelude/dp/B01EFDEMS8"
      ]
     },
    "7-1": {
      "episodeName": "Pinduoduo",
    "bookUrls": [
      "https://www.amazon.com/How-Make-Spaceship-Renegades-Spaceflight/dp/1594206724"
      ]
     },
    "6-8": {
      "episodeName": "Oprah (Harpo Studios)",
    "bookUrls": [
      "https://www.amazon.com/Oprah-Biography-Kitty-Kelley/dp/0307394875",
      "https://www.amazon.com/gp/product/B07959YG1R"
      ]
     },
    "6-7": {
      "episodeName": "SpaceX",
    "bookUrls": [
      "https://www.amazon.com/Elon-Musk-SpaceX-Fantastic-Future/dp/006230125X"
      ]
     },
    "6-3": {
      "episodeName": "Adapting Episode 3: Intel",
    "bookUrls": [
      "https://www.amazon.com/Only-Paranoid-Survive-Exploit-Challenge-ebook/dp/B0036S4B2G",
      "https://www.amazon.com/Swimming-Across-Andrew-S-Grove-ebook/dp/B07CJRM4DX"
      ]
     },
    "5-7": {
      "episodeName": "Disney Plus",
    "bookUrls": [
      "https://www.amazon.com/Ride-Lifetime-Lessons-Learned-Company-ebook/dp/B07PF6XTD8"
      ]
     },
    "5-4": {
      "episodeName": "Sequoia Capital (Part 1)",
    "bookUrls": [
      "https://www.amazon.com/dp/0875849385",
      "https://www.amazon.com/Troublemakers-Silicon-Valleys-Coming-Age-ebook/dp/B06ZZ1YDTX",
      "https://www.amazon.com/VC-American-History-Tom-Nicholas-ebook/dp/B07QV2YM3X"
      ]
     },
    "5-3": {
      "episodeName": "Google Maps",
    "bookUrls": [
      "https://www.amazon.com/The-Expanse-9-book-series/dp/B09DD17H3N"
      ]
     },
    "5-1": {
      "episodeName": "Huawei",
    "bookUrls": [
      "https://www.amazon.com/Dune-Frank-Herbert-ebook/dp/B00B7NPRY8"
      ]
     },
    "4-3": {
      "episodeName": "Instagram Revisited (with Emily White)",
    "bookUrls": [
      "https://www.amazon.com/Boom-Town-Fantastical-Basketball-World-class-ebook/dp/B077RHYC4G"
      ]
     },
    "4-1": {
      "episodeName": "ESPN",
    "bookUrls": [
      "https://www.amazon.com/Outsiders-Unconventional-Radically-Rational-Blueprint-ebook/dp/B009G1T74O"
      ]
     },
    "3-8": {
      "episodeName": "Netflix (Part 1)",
    "bookUrls": [
      "https://www.amazon.com/Broken-Earth-Trilogy-Season-Obelisk/dp/031652719X"
      ]
     },
    "3-7": {
      "episodeName": "Venmo (SF live show with Andrew Kortina)",
    "bookUrls": [
      "https://www.amazon.com/dp/B00L0M749M"
      ]
     },
    "3-6": {
      "episodeName": "Behance (with Scott Belsky)",
    "bookUrls": [
      "https://www.amazon.com/dp/B079WN554H"
      ]
     },
    "3-5": {
      "episodeName": "Alibaba",
    "bookUrls": [
      "https://www.amazon.com/dp/B0124PP3AA",
      "https://www.amazon.com/Three-Kingdoms-Chinese-Loyalty-Translation-ebook/dp/B00JIDTFRO"
      ]
     },
    "3-3": {
      "episodeName": "The Sonos IPO",
    "bookUrls": [
      "https://www.amazon.com/Brotopia-Breaking-Boys-Silicon-Valley-ebook/dp/B074LQKJJC"
      ]
     },
    "2-7": {
      "episodeName": "PowerPoint",
    "bookUrls": [
      "https://www.amazon.com/dp/B003XF1LKW"
      ]
     },
    "2-4": {
      "episodeName": "SoftBank, Fortress and the Vision Fund",
    "bookUrls": [
      "https://www.amazon.com/eBoys-Inside-Account-Venture-Capitalists-ebook/dp/B000FC1HTG",
      "https://www.amazon.com/Three-Body-Problem-Remembrance-Earths-Past-ebook/dp/B00IQO403K"
      ]
     },
    "2-2": {
      "episodeName": "Raising a Seed Round with Against Gravity CEO Nick Fajt",
    "bookUrls": [
      "https://www.amazon.com/Ready-Player-One-Ernest-Cline-ebook/dp/B004J4WKUQ",
      "https://www.amazon.com/Seveneves-Novel-Neal-Stephenson-ebook/dp/B00LZWV8JO"
      ]
     },
    "2-1": {
      "episodeName": "Zappos (with Alfred Lin)",
    "bookUrls": [
      "https://www.amazon.com/Einstein-Life-Universe-Walter-Isaacson-ebook/dp/B000PC0S0K",
      "https://www.amazon.com/Benjamin-Franklin-American-Walter-Isaacson-ebook/dp/B000FBJG4U"
      ]
     },
    "1-51": {
      "episodeName": "2017 Holiday Special",
    "bookUrls": [
      "https://www.amazon.com/Materials-Omnibus-Golden-Compass-Spyglass/dp/0375847227",
      "https://www.amazon.com/Wooden-Leadership-Create-Winning-Organization/dp/0071453393"
      ]
     },
    "1-49": {
      "episodeName": "The Stitch Fix IPO",
    "bookUrls": [
      "https://www.amazon.com/Coach-Wooden-Me-50-Year-Friendship-ebook/dp/B01LYJI4UO"
      ]
     },
    "1-47": {
      "episodeName": "The Atlassian IPO",
    "bookUrls": [
      "https://www.amazon.com/Born-Run-Bruce-Springsteen-ebook/dp/B01BNSK4V2"
      ]
     },
    "1-44": {
      "episodeName": "AOL - Time Warner (with the Internet History Podcast)",
    "bookUrls": [
      "https://www.amazon.com/Give-Take-Revolutionary-Approach-Success/dp/B00BMBANYY",
      "https://www.amazon.com/dp/B005C6FDFY",
      "https://www.amazon.com/dp/B01M5IJN1P"
      ]
     },
    "1-42": {
      "episodeName": "Opsware (with special guest Michel Feaster)",
    "bookUrls": [
      "https://www.amazon.com/dp/B00DQ845EA"
      ]
     },
    "1-36": {
      "episodeName": "The LA Clippers",
    "bookUrls": [
      "https://www.amazon.com/dp/B01L7NJNVU/"
      ]
     },
    "1-33": {
      "episodeName": "Overture (with the Internet History Podcast)",
    "bookUrls": [
      "https://www.amazon.com/Dark-Valley-Panorama-1930s-ebook/dp/B000XUBD8U/"
      ]
     },
    "1-32": {
      "episodeName": "The Snap Inc. IPO",
    "bookUrls": [
      "https://www.amazon.com/Art-War-Sun-Tzu/dp/1599869772"
      ]
     },
    "1-31": {
      "episodeName": "The Uber - Didi Chuxing Merger",
    "bookUrls": [
      "https://www.amazon.com/Upstarts-Airbnb-Companies-Silicon-Changing-ebook/dp/B01HZFB3X0",
      "https://www.amazon.com/Everything-Store-Jeff-Bezos-Amazon-ebook/dp/B00BWQW73E",
      "https://www.amazon.com/Sapiens-Humankind-Yuval-Noah-Harari-ebook/dp/B00ICN066A"
      ]
     },
    "1-30": {
      "episodeName": "P.A. Semi + AuthenTec",
    "bookUrls": [
      "https://www.amazon.com/Daily-Rituals-How-Artists-Work/dp/0307273601"
      ]
     },
    "1-29": {
      "episodeName": "Special: 2016 Review and 2017 Predictions",
    "bookUrls": [
      "https://www.amazon.com/Writing-Well-30th-Anniversary-Nonfiction-ebook/dp/B0090RVGW0",
      "https://www.amazon.com/Creative-Habit-Learn-Use-Life/dp/0743235274"
      ]
     },
    "1-28": {
      "episodeName": "The Amazon IPO",
    "bookUrls": [
      "https://www.amazon.com/Undoing-Project-Friendship-Changed-Minds-ebook/dp/B01GI6S7EK"
      ]
     },
    "1-25": {
      "episodeName": "The Facebook IPO",
    "bookUrls": [
      "https://www.amazon.com/Connectography-Mapping-Future-Global-Civilization-ebook/dp/B015VABIRC"
      ]
     },
    "1-21": {
      "episodeName": "Inside the M&A Press with Bloomberg's Alex Sherman",
    "bookUrls": [
      "https://www.amazon.com/Algorithms-Live-Computer-Science-Decisions-ebook/dp/B015CKNWJI"
      ]
     },
    "1-20": {
      "episodeName": "Android",
    "bookUrls": [
      "https://www.amazon.com/Business-Adventures-Twelve-Classic-Street-ebook/dp/B00L1TPCKW"
      ]
     },
    "1-19": {
      "episodeName": "Jet",
    "bookUrls": [
      "https://www.amazon.com/Everything-Store-Jeff-Bezos-Amazon-ebook/dp/B00BWQW73E"
      ]
     },
    "1-18": {
      "episodeName": "Special‚ An Acquirer's View into M&A with Taylor Barada, head of Corp Dev at Adobe",
    "bookUrls": [
      "https://www.amazon.com/Mindset-Psychology-Success-Carol-Dweck-ebook/dp/B000FCKPHG"
      ]
     },
    "1-15": {
      "episodeName": "ExactTarget (acquired by Salesforce) with Scott Dorsey",
    "bookUrls": [
      "https://www.amazon.com/Score-Takes-Care-Itself-Philosophy-ebook/dp/B002G54Y04"
      ]
     },
    "1-14": {
      "episodeName": "LinkedIn",
    "bookUrls": [
      "https://www.amazon.com/Facebook-Effect-Inside-Company-Connecting/dp/1439102120"
      ]
     },
    "1-11": {
      "episodeName": "PayPal",
    "bookUrls": [
      "https://www.amazon.com/Antifragile-Things-That-Disorder-Incerto-ebook/dp/B0083DJWGO"
      ]
     },
    "1-10": {
      "episodeName": "Virgin America",
    "bookUrls": [
      "https://www.amazon.com/Business-Adventures-Twelve-Classic-Street-ebook/dp/B00L1TPCKW"
      ]
     },
    "1-1": {
      "episodeName": "Pixar",
    "bookUrls": [
      "https://www.amazon.com/Creativity-Overcoming-Unseen-Forces-Inspiration/dp/0593070100"
      ]
     }
}
