{
  "1783341726": {
  "id": "1783341726",
  "title": "Ikea",
  "author": "Johan Stenebo",
  "coverUrl": "/covers/ikea.jpg"
  },
  "B0CYBS9PFY": {
  "id": "B0CYBS9PFY",
  "title": "Hardcore Software",
  "author": "Steven Sinofsky",
  "coverUrl": "/covers/hardcore-software.jpg"
  },
  "1400223903": {
  "id": "1400223903",
    "title": "Microsoft Story",
    "author": "Dan Good",
    "coverUrl": "/covers/the-microsoft-story.jpg"
  },
  "180279011X": {
  "id": "180279011X",
    "title": "Little Book of Hermès",
    "author": "Karen Homer",
    "coverUrl": "/covers/little-book-of-hermes.jpg"
  },
  "0312611749": {
  "id": "0312611749",
    "title": "Breakthrough",
    "author": "Thea Cooper",
    "coverUrl": "/covers/breakthrough.jpg"
  },
  "1612198430": {
  "id": "1612198430",
    "title": "The Nike Effect",
    "author": "Joshua Hunt",
    "coverUrl": "/covers/nike-effect.jpg"
  },
  "0837617693": {
  "id": "0837617693",
    "title": "Porsche: Excellence Was Expected",
    "author": "Karl Ludvigsen",
    "coverUrl": "/covers/porsche-excellence.jpg"
  },
  "0486801497": {
  "id": "0486801497",
    "title": "Power-up",
    "author": "Chris Kohler",
    "coverUrl": "/covers/power-up.jpg"
  },
  "0767911792": {
  "id": "0767911792",
    "title": "Conspiracy of Fools",
    "author": "Kurt Eichenwald",
    "coverUrl": "/covers/conspiracy-of-fools.jpg"
  },
  "1912587556": {
  "id": "1912587556",
    "title": "Taylor Swift",
    "author": "Michael Francis Taylor",
    "coverUrl": "/covers/taylor-swift.jpg"
  },
  "B07B2HS77M": {
  "id": "B07B2HS77M",
    "title": "Strategy, Risk, Governance & Ethics At A Glance",
    "author": "Olaoye Rafiu",
    "coverUrl": "/covers/who-is-michael.jpg"
  },
  "0316388416": {
  "id": "0316388416",
    "title": "The upstarts",
    "author": "Brad Stone",
    "coverUrl": "/covers/upstarts.jpg"
  },
  "B0058Z4NOQ": {
  "id": "B0058Z4NOQ",
    "title": "The Kingdom and the Power: Behind the Scenes at The New York Times: The Institution That Influences the World",
    "author": "Gay Talese",
    "coverUrl": "/covers/the-kingdom-and-the-power.jpg"
  },
  "B01EFDEMS8": {
  "id": "B01EFDEMS8",
    "title": "Foundation Complete Series Set, 7 Books. Foundation, Second Foundation, Foundation and Empire, Foundation's Edge, Prelude to Foundation, Foundation and Earth, Forward the Foundation",
    "author": "Isaac Asimov",
    "coverUrl": "/covers/asmiov-foundation.jpg"
  },
    "B07CJRM4DX": {
  "id": "B07CJRM4DX",
    "title": "Andrew S. Grove's Swimming across",
    "author": "Richard S. Tedlow",
    "coverUrl": "/covers/swimming-across.jpg"
  },
  "B07QV2YM3X": {
  "id": "B07QV2YM3X",
    "title": "Vc",
    "author": "Tom Nicholas",
    "coverUrl": "/covers/vc-an-american-history.jpg"
  },
  "B079WN554H": {
  "id": "B079WN554H",
    "title": "The Messy Middle: Finding Your Way Through the Hardest and Most Crucial Part of Any Bold Venture",
    "author": "Scott Belsky",
    "coverUrl": "/covers/the-messy-middle.jpg"
  },
  "B0124PP3AA": {
  "id": "B0124PP3AA",
    "title": "Alibaba: The House That Jack Ma Built",
    "author": "Duncan Clark",
    "coverUrl": "/covers/alibaba-the-house.jpg"
  },
  "B003XF1LKW": {
  "id": "B003XF1LKW",
    "title": "Mindfulness in Plain English",
    "author": "Bhante Gunaratana",
    "coverUrl": "/covers/mindfulness-in-plain-english.jpg"
  },
  "B005C6FDFY": {
  "id": "B005C6FDFY",
    "title": "Season of the Witch: Enchantment, Terror and Deliverance in the City of Love",
    "author": "David Talbot",
    "coverUrl": "/covers/season-of-the-witch.jpg"
  },
  "B01M5IJN1P": {
  "id": "B01M5IJN1P",
    "title": "A Mind at Play: How Claude Shannon Invented the Information Age",
    "author": "Jimmy Soni & Rob Goodman",
    "coverUrl": "/covers/a-mind-at-play.jpg"
  },
  "B00DQ845EA": {
  "id": "B00DQ845EA",
    "title": "The Hard Thing About Hard Things: Building a Business When There Are No Easy Answers",
    "author": "Ben Horowitz",
    "coverUrl": "/covers/the-hard-thing-about-hard-things.jpg"
  },
  "B01L7NJNVU": {
  "id": "B01L7NJNVU",
    "title": "Just around Midnight: Rock and Roll and the Racial Imagination",
    "author": "Jack Hamilton",
    "coverUrl": "/covers/just-around-midnight.jpg"
  }
}