{
  "originalBookCount": 158,
  "migratedBookCount": 158,
  "preservationReport": {
    "totalBooks": 158,
    "uniqueEpisodes": 80,
    "episodesList": [
      "S10E1: Taylor Swift (Acquired’s Version)",
      "S10E3: SONY",
      "S10E6: Nvidia Part II: The Machine Learning Company (2006-2022)",
      "S10E8: Arena Show Part II: Brooks Running (with CEO Jim Weber)",
      "S11E1: Walmart",
      "S11E2: Amazon.com",
      "S11E3: Amazon Web Services",
      "S11E6: Qualcomm",
      "S11E7: Enron",
      "S12E1: The NFL",
      "S12E2: LVMH",
      "S12E3: Nintendo's Origins",
      "S12E5: Lockheed Martin",
      "S12E6: Porsche",
      "S13E1: Nike",
      "S13E2: Costco",
      "S13E4: Visa",
      "S13E5: Holiday Special 2023",
      "S14E1: Novo Nordisk (Ozempic)",
      "S14E2: Hermès",
      "S14E3: Renaissance Technologies",
      "S14E5: Microsoft Volume I",
      "S14E6: Microsoft Volume II",
      "S1E10: Virgin America",
      "S1E14: LinkedIn",
      "S1E15: ExactTarget (acquired by Salesforce) with Scott Dorsey",
      "S1E18: Special‚ An Acquirer's View into M&A with Taylor Barada, head of Corp Dev at Adobe",
      "S1E19: Jet",
      "S1E1: Pixar",
      "S1E21: Inside the M&A Press with Bloomberg's Alex Sherman",
      "S1E25: The Facebook IPO",
      "S1E28: The Amazon IPO",
      "S1E29: Special: 2016 Review and 2017 Predictions",
      "S1E30: P.A. Semi + AuthenTec",
      "S1E31: The Uber - Didi Chuxing Merger",
      "S1E32: The Snap Inc. IPO",
      "S1E33: Overture (with the Internet History Podcast)",
      "S1E36: The LA Clippers",
      "S1E42: Opsware (with special guest Michel Feaster)",
      "S1E44: AOL - Time Warner (with the Internet History Podcast)",
      "S1E47: The Atlassian IPO",
      "S1E49: The Stitch Fix IPO",
      "S1E51: 2017 Holiday Special",
      "S2024E2: Meta",
      "S2024E3: IKEA",
      "S2024E4: Mars Inc.",
      "S2025E2: Rolex",
      "S2E1: Zappos (with Alfred Lin)",
      "S2E2: Raising a Seed Round with Against Gravity CEO Nick Fajt",
      "S2E4: SoftBank, Fortress and the Vision Fund",
      "S2E7: PowerPoint",
      "S3E3: The Sonos IPO",
      "S3E5: Alibaba",
      "S3E6: Behance (with Scott Belsky)",
      "S3E7: Venmo (SF live show with Andrew Kortina)",
      "S3E8: Netflix (Part 1)",
      "S4E1: ESPN",
      "S4E3: Instagram Revisited (with Emily White)",
      "S5E1: Huawei",
      "S5E3: Google Maps",
      "S5E4: Sequoia Capital (Part 1)",
      "S5E7: Disney Plus",
      "S6E3: Adapting Episode 3: Intel",
      "S6E7: SpaceX",
      "S6E8: Oprah (Harpo Studios)",
      "S7E1: Pinduoduo",
      "S7E3: Epic Games",
      "S7E8: AirBnb",
      "S8E2: The New York Times Company",
      "S8E3: Meituan",
      "S8E4: Rec Room Part II",
      "S8E5: Berkshire Hathaway Part I",
      "S8E6: Berkshire Hathaway Part II",
      "S8E7: Berkshire Hathaway Part III",
      "S8E8: Ethereum (with Packy McCormick)",
      "S9E1: Andreessen Horowitz Part I",
      "S9E2: Andreessen Horowitz Part II",
      "S9E3: TSMC",
      "S9E4: Standard Oil Part I",
      "S9E6: Not Boring (with Packy McCormick)"
    ],
    "localCovers": 32,
    "actualCoverFiles": 32,
    "manualCoversCount": 23,
    "categories": [
      "Business",
      "Biography",
      "Fiction",
      "Industrial procurement",
      "Furniture industry and trade",
      "Economics",
      "Facebook (electronic resource)",
      "Gates, bill, 1955-",
      "Microsoft Corporation",
      "Management",
      "Trials, litigation",
      "Information superhighway",
      "Businesspeople, biography",
      "Computer software industry",
      "Microsoft Windows (Computer file)",
      "BUSINESS & ECONOMICS / Corporate & Business History",
      "Investment advisors",
      "Leadership",
      "Insulin",
      "Scifi",
      "Money",
      "Problems, exercises",
      "Social change",
      "Intuition",
      "Computer networks",
      "VISA International",
      "Bank credit cards",
      "Economic conditions",
      "Fantasy",
      "History",
      "Businesspeople, juvenile literature",
      "Business, branding",
      "Running",
      "University of oregon",
      "Advertising",
      "Automobile racing",
      "Aerospace & air transport industries",
      "Lockheed Martin",
      "Video games",
      "Barbie",
      "Design",
      "Ability",
      "Arcade",
      "Recreation",
      "Louis Vuitton Moët-Hennessy (Firm)",
      "Product management",
      "Football",
      "National football league",
      "Enron corp.",
      "Wireless communication systems",
      "Statistical communication theory",
      "Commerce électronique",
      "Venture capital",
      "nyt:business-books=2021-06-13",
      "Amazon.com (Firm)",
      "Ciencia-ficción",
      "Wal-Mart stores",
      "Discount houses (retail trade)",
      "Detective and mystery stories",
      "Sonī Kabushiki Kaisha",
      "Music history",
      "Music trade",
      "American literature",
      "Philanthropists",
      "Bed and breakfast accommodations",
      "Human-alien encounters",
      "Entrepreneurship",
      "Subconsciousness",
      "Cryptocurrencies",
      "Finance",
      "Stocks",
      "Salomon Brothers",
      "Berkshire Hathaway Inc",
      "nyt:combined-print-and-e-book-nonfiction=2021-02-14",
      "Family",
      "Organizational change",
      "Fiction, science fiction, general",
      "SpaceShipOne (Spacecraft)",
      "Biography & Autobiography",
      "SpaceX (Firm)",
      "Economic aspects",
      "Executives",
      "Economic history",
      "Bibliography",
      "Oklahoma city (okla.)",
      "Executive ability",
      "Fiction, fantasy, general",
      "Douglass, frederick, 1818-1895",
      "British",
      "Sex discrimination against women",
      "literature",
      "Fiction, science fiction, space opera",
      "YA",
      "Children's fiction",
      "Abdul-jabbar, kareem, 1947-",
      "Success, psychological aspects",
      "Open Library Staff Picks",
      "Technology and civilization",
      "Work ethic",
      "English language",
      "Creative ability",
      "performing arts",
      "Transnationalism",
      "Human behavior",
      "Businesspeople",
      "Belief and doubt",
      "Philosophy",
      "Facebook (Firm)",
      "management"
    ],
    "booksPerCategory": {
      "Business": 16,
      "Biography": 9,
      "Fiction": 5,
      "Industrial procurement": 1,
      "Furniture industry and trade": 1,
      "Economics": 4,
      "Facebook (electronic resource)": 1,
      "Gates, bill, 1955-": 1,
      "Microsoft Corporation": 1,
      "Management": 3,
      "Trials, litigation": 1,
      "Information superhighway": 1,
      "Businesspeople, biography": 2,
      "Computer software industry": 1,
      "Microsoft Windows (Computer file)": 1,
      "BUSINESS & ECONOMICS / Corporate & Business History": 1,
      "Investment advisors": 1,
      "Leadership": 1,
      "Insulin": 1,
      "Scifi": 1,
      "Money": 1,
      "Problems, exercises": 1,
      "Social change": 1,
      "Intuition": 1,
      "Computer networks": 1,
      "VISA International": 1,
      "Bank credit cards": 1,
      "Economic conditions": 1,
      "Fantasy": 2,
      "History": 10,
      "Businesspeople, juvenile literature": 1,
      "Business, branding": 1,
      "Running": 2,
      "University of oregon": 1,
      "Advertising": 1,
      "Automobile racing": 1,
      "Aerospace & air transport industries": 1,
      "Lockheed Martin": 1,
      "Video games": 1,
      "Barbie": 1,
      "Design": 1,
      "Ability": 1,
      "Arcade": 1,
      "Recreation": 1,
      "Louis Vuitton Moët-Hennessy (Firm)": 1,
      "Product management": 1,
      "Football": 2,
      "National football league": 1,
      "Enron corp.": 1,
      "Wireless communication systems": 1,
      "Statistical communication theory": 1,
      "Commerce électronique": 1,
      "Venture capital": 2,
      "nyt:business-books=2021-06-13": 1,
      "Amazon.com (Firm)": 1,
      "Ciencia-ficción": 1,
      "Wal-Mart stores": 1,
      "Discount houses (retail trade)": 1,
      "Detective and mystery stories": 1,
      "Sonī Kabushiki Kaisha": 1,
      "Music history": 1,
      "Music trade": 1,
      "American literature": 1,
      "Philanthropists": 2,
      "Bed and breakfast accommodations": 1,
      "Human-alien encounters": 1,
      "Entrepreneurship": 3,
      "Subconsciousness": 1,
      "Cryptocurrencies": 1,
      "Finance": 1,
      "Stocks": 1,
      "Salomon Brothers": 1,
      "Berkshire Hathaway Inc": 1,
      "nyt:combined-print-and-e-book-nonfiction=2021-02-14": 1,
      "Family": 1,
      "Organizational change": 1,
      "Fiction, science fiction, general": 1,
      "SpaceShipOne (Spacecraft)": 1,
      "Biography & Autobiography": 1,
      "SpaceX (Firm)": 1,
      "Economic aspects": 1,
      "Executives": 1,
      "Economic history": 1,
      "Bibliography": 1,
      "Oklahoma city (okla.)": 1,
      "Executive ability": 1,
      "Fiction, fantasy, general": 1,
      "Douglass, frederick, 1818-1895": 1,
      "British": 1,
      "Sex discrimination against women": 1,
      "literature": 1,
      "Fiction, science fiction, space opera": 1,
      "YA": 1,
      "Children's fiction": 1,
      "Abdul-jabbar, kareem, 1947-": 1,
      "Success, psychological aspects": 1,
      "Open Library Staff Picks": 1,
      "Technology and civilization": 1,
      "Work ethic": 1,
      "English language": 1,
      "Creative ability": 1,
      "performing arts": 1,
      "Transnationalism": 1,
      "Human behavior": 1,
      "Businesspeople": 1,
      "Belief and doubt": 1,
      "Philosophy": 1,
      "Facebook (Firm)": 1,
      "management": 1
    },
    "sampleBooks": [
      {
        "id": "1788840232",
        "title": "The Book of Rolex",
        "author": "Jens Høy, Christian Frost",
        "coverUrl": "/covers/book-of-rolex.jpg",
        "amazonUrl": "https://www.amazon.com/dp/1788840232",
        "category": "Business",
        "episodeRef": {
          "name": "Rolex",
          "seasonNumber": 2025,
          "episodeNumber": 2
        }
      },
      {
        "id": "3961715033",
        "title": "The Watch Book Rolex",
        "author": "Gisbert L. Brunner",
        "coverUrl": "/covers/watch-book-rolex.jpg",
        "amazonUrl": "https://www.amazon.com/dp/3961715033",
        "category": "Business",
        "episodeRef": {
          "name": "Rolex",
          "seasonNumber": 2025,
          "episodeNumber": 2
        }
      },
      {
        "id": "0764300113",
        "title": "The Best of Time: Rolex Wristwatches",
        "author": "James M. Dowling, Jeffrey P. Hess",
        "coverUrl": "/covers/best-of-time-rolex.jpg",
        "amazonUrl": "https://www.amazon.com/dp/0764300113",
        "category": "Business",
        "episodeRef": {
          "name": "Rolex",
          "seasonNumber": 2025,
          "episodeNumber": 2
        }
      }
    ],
    "timestamp": "2025-06-20T04:54:57.278Z"
  },
  "enhancementStats": {
    "totalBooks": 158,
    "uniqueEpisodes": 80,
    "coverSources": {
      "amazon": 155,
      "openLibrary": 3,
      "local": 32
    },
    "enhancedMetadata": 61,
    "lastUpdated": "2025-06-21T05:17:16.569Z",
    "migrationDate": "2025-06-21T05:17:16.569Z"
  },
  "migrationDate": "2025-06-21T05:17:16.570Z",
  "status": "completed"
}